Token,URL
E7OL6EWS,https://tap.footforwardfund.org/E7OL6EWS
9UOWWPE4,https://tap.footforwardfund.org/9UOWWPE4
M3H0BXTO,https://tap.footforwardfund.org/M3H0BXTO
PN56YB54,https://tap.footforwardfund.org/PN56YB54
L0A8L6ZE,https://tap.footforwardfund.org/L0A8L6ZE
QABD9DG1,https://tap.footforwardfund.org/QABD9DG1
H4SSNDOM,https://tap.footforwardfund.org/H4SSNDOM
UXRWEN5D,https://tap.footforwardfund.org/UXRWEN5D
WP9PHCOE,https://tap.footforwardfund.org/WP9PHCOE
H91LPMN7,https://tap.footforwardfund.org/H91LPMN7
RY3FRY9R,https://tap.footforwardfund.org/RY3FRY9R
FS21UPF0,https://tap.footforwardfund.org/FS21UPF0
YZZIUVK1,https://tap.footforwardfund.org/YZZIUVK1
EATNDV5N,https://tap.footforwardfund.org/EATNDV5N
TTNQMSV7,https://tap.footforwardfund.org/TTNQMSV7
I1OKC93P,https://tap.footforwardfund.org/I1OKC93P
M1DK649P,https://tap.footforwardfund.org/M1DK649P
GLKDA86C,https://tap.footforwardfund.org/GLKDA86C
FU6F7G0R,https://tap.footforwardfund.org/FU6F7G0R
4UHZN76F,https://tap.footforwardfund.org/4UHZN76F
04CDJBLI,https://tap.footforwardfund.org/04CDJBLI
23RR2Z9V,https://tap.footforwardfund.org/23RR2Z9V
NG0LZF5X,https://tap.footforwardfund.org/NG0LZF5X
BWSUWS01,https://tap.footforwardfund.org/BWSUWS01
MB5YQIG7,https://tap.footforwardfund.org/MB5YQIG7
MMHL6YR1,https://tap.footforwardfund.org/MMHL6YR1
5KQ41GQM,https://tap.footforwardfund.org/5KQ41GQM
FBNMTP6I,https://tap.footforwardfund.org/FBNMTP6I
BQ14DCLH,https://tap.footforwardfund.org/BQ14DCLH
BB78YHK4,https://tap.footforwardfund.org/BB78YHK4
T6ZPQUX2,https://tap.footforwardfund.org/T6ZPQUX2
KWAUPAR5,https://tap.footforwardfund.org/KWAUPAR5
FXT5NAEY,https://tap.footforwardfund.org/FXT5NAEY
1GIZEH63,https://tap.footforwardfund.org/1GIZEH63
5DWJNYYP,https://tap.footforwardfund.org/5DWJNYYP
7LVQZ9P6,https://tap.footforwardfund.org/7LVQZ9P6
6HKQV839,https://tap.footforwardfund.org/6HKQV839
CK7H1SK7,https://tap.footforwardfund.org/CK7H1SK7
8FUHZBVJ,https://tap.footforwardfund.org/8FUHZBVJ
8629OU98,https://tap.footforwardfund.org/8629OU98
D3ZPKSP7,https://tap.footforwardfund.org/D3ZPKSP7
CPX5LU8B,https://tap.footforwardfund.org/CPX5LU8B
WT6BNQNP,https://tap.footforwardfund.org/WT6BNQNP
RFWE3ZIT,https://tap.footforwardfund.org/RFWE3ZIT
JSL4JQFR,https://tap.footforwardfund.org/JSL4JQFR
M18VLAX4,https://tap.footforwardfund.org/M18VLAX4
DSYW7E7P,https://tap.footforwardfund.org/DSYW7E7P
RE4NTA3G,https://tap.footforwardfund.org/RE4NTA3G
PL4HIGJF,https://tap.footforwardfund.org/PL4HIGJF
M2C68BO9,https://tap.footforwardfund.org/M2C68BO9
KJJ1CXWZ,https://tap.footforwardfund.org/KJJ1CXWZ
BMKC9MII,https://tap.footforwardfund.org/BMKC9MII
GOW2H1KR,https://tap.footforwardfund.org/GOW2H1KR
OE79TBEH,https://tap.footforwardfund.org/OE79TBEH
Z3DFNLL0,https://tap.footforwardfund.org/Z3DFNLL0
IZV8PH5P,https://tap.footforwardfund.org/IZV8PH5P
9SE3Y11A,https://tap.footforwardfund.org/9SE3Y11A
TA4G78JX,https://tap.footforwardfund.org/TA4G78JX
NT3E5QDP,https://tap.footforwardfund.org/NT3E5QDP
62CXHFF9,https://tap.footforwardfund.org/62CXHFF9
8TY8AB2Q,https://tap.footforwardfund.org/8TY8AB2Q
PKYPKYJ0,https://tap.footforwardfund.org/PKYPKYJ0
CRXX4JWB,https://tap.footforwardfund.org/CRXX4JWB
15YNBNUG,https://tap.footforwardfund.org/15YNBNUG
DAYUN0K3,https://tap.footforwardfund.org/DAYUN0K3
PXRTLECN,https://tap.footforwardfund.org/PXRTLECN
08HOWSJR,https://tap.footforwardfund.org/08HOWSJR
3JD5U86U,https://tap.footforwardfund.org/3JD5U86U
1YBODDVU,https://tap.footforwardfund.org/1YBODDVU
461YQKR4,https://tap.footforwardfund.org/461YQKR4
QDY1BGA1,https://tap.footforwardfund.org/QDY1BGA1
R1F9N4J3,https://tap.footforwardfund.org/R1F9N4J3
BYGT6EJ6,https://tap.footforwardfund.org/BYGT6EJ6
93AN7N7H,https://tap.footforwardfund.org/93AN7N7H
FNSBVF5G,https://tap.footforwardfund.org/FNSBVF5G
1KC6LPAI,https://tap.footforwardfund.org/1KC6LPAI
060S24ZU,https://tap.footforwardfund.org/060S24ZU
AQGOKKSY,https://tap.footforwardfund.org/AQGOKKSY
CH1Z4VRF,https://tap.footforwardfund.org/CH1Z4VRF
RHMOEMI1,https://tap.footforwardfund.org/RHMOEMI1
E4MFFCFN,https://tap.footforwardfund.org/E4MFFCFN
Y1RZ7SXN,https://tap.footforwardfund.org/Y1RZ7SXN
GVXC85CN,https://tap.footforwardfund.org/GVXC85CN
FR8Z1DCM,https://tap.footforwardfund.org/FR8Z1DCM
FOFIN5DU,https://tap.footforwardfund.org/FOFIN5DU
NUOXQTEM,https://tap.footforwardfund.org/NUOXQTEM
Y92OCZ9B,https://tap.footforwardfund.org/Y92OCZ9B
PTXG9VRV,https://tap.footforwardfund.org/PTXG9VRV
RG9OD358,https://tap.footforwardfund.org/RG9OD358
Z1KSGIZH,https://tap.footforwardfund.org/Z1KSGIZH
AB6YMUDL,https://tap.footforwardfund.org/AB6YMUDL
OE31P5LS,https://tap.footforwardfund.org/OE31P5LS
AO7PCQRS,https://tap.footforwardfund.org/AO7PCQRS
CHYTQFJ6,https://tap.footforwardfund.org/CHYTQFJ6
QRNET0C9,https://tap.footforwardfund.org/QRNET0C9
8XZD7C1F,https://tap.footforwardfund.org/8XZD7C1F
C7EMAYS3,https://tap.footforwardfund.org/C7EMAYS3
AASNVX3U,https://tap.footforwardfund.org/AASNVX3U
LVGNGPPJ,https://tap.footforwardfund.org/LVGNGPPJ
2U2X2LAV,https://tap.footforwardfund.org/2U2X2LAV
JIZ1SDNC,https://tap.footforwardfund.org/JIZ1SDNC
V851ZR6H,https://tap.footforwardfund.org/V851ZR6H
HW9BAJYY,https://tap.footforwardfund.org/HW9BAJYY
VDL4C0XZ,https://tap.footforwardfund.org/VDL4C0XZ
WX3AQ7U5,https://tap.footforwardfund.org/WX3AQ7U5
811A9HW2,https://tap.footforwardfund.org/811A9HW2
VDTOBZ1N,https://tap.footforwardfund.org/VDTOBZ1N
W7KPVMSJ,https://tap.footforwardfund.org/W7KPVMSJ
8MM2R25R,https://tap.footforwardfund.org/8MM2R25R
YH7FZYOU,https://tap.footforwardfund.org/YH7FZYOU
YZUSAEIW,https://tap.footforwardfund.org/YZUSAEIW
6749CG1E,https://tap.footforwardfund.org/6749CG1E
QINS8YQI,https://tap.footforwardfund.org/QINS8YQI
4RXJB72B,https://tap.footforwardfund.org/4RXJB72B
L1BBIPEW,https://tap.footforwardfund.org/L1BBIPEW
SS7W0BEI,https://tap.footforwardfund.org/SS7W0BEI
IRWFF1QS,https://tap.footforwardfund.org/IRWFF1QS
8UK8FLDD,https://tap.footforwardfund.org/8UK8FLDD
3TZTFEUQ,https://tap.footforwardfund.org/3TZTFEUQ
91F5WSDQ,https://tap.footforwardfund.org/91F5WSDQ
4EODJE2X,https://tap.footforwardfund.org/4EODJE2X
UR7Q14CD,https://tap.footforwardfund.org/UR7Q14CD
JXYSF4D2,https://tap.footforwardfund.org/JXYSF4D2
1DW959KZ,https://tap.footforwardfund.org/1DW959KZ
1KH6TZMB,https://tap.footforwardfund.org/1KH6TZMB
4BM1G1HZ,https://tap.footforwardfund.org/4BM1G1HZ
4KHNQ83L,https://tap.footforwardfund.org/4KHNQ83L
UW1BIK5M,https://tap.footforwardfund.org/UW1BIK5M
0G69VE2B,https://tap.footforwardfund.org/0G69VE2B
1BYD73WV,https://tap.footforwardfund.org/1BYD73WV
T29HHI1Q,https://tap.footforwardfund.org/T29HHI1Q
2N8777HA,https://tap.footforwardfund.org/2N8777HA
XYR50QAZ,https://tap.footforwardfund.org/XYR50QAZ
GDJINRTF,https://tap.footforwardfund.org/GDJINRTF
JI6WZEXF,https://tap.footforwardfund.org/JI6WZEXF
BIIXPUM9,https://tap.footforwardfund.org/BIIXPUM9
0N9UWJEV,https://tap.footforwardfund.org/0N9UWJEV
X232FQE5,https://tap.footforwardfund.org/X232FQE5
0D6I08E4,https://tap.footforwardfund.org/0D6I08E4
I9MWHQZI,https://tap.footforwardfund.org/I9MWHQZI
CWRXU5DL,https://tap.footforwardfund.org/CWRXU5DL
XPDD5M63,https://tap.footforwardfund.org/XPDD5M63
JJCAXAJQ,https://tap.footforwardfund.org/JJCAXAJQ
R7EXL1D5,https://tap.footforwardfund.org/R7EXL1D5
W1J8KTE2,https://tap.footforwardfund.org/W1J8KTE2
D48DHQ5I,https://tap.footforwardfund.org/D48DHQ5I
PPEVZTTR,https://tap.footforwardfund.org/PPEVZTTR
77YW0EZL,https://tap.footforwardfund.org/77YW0EZL
R7C8MT7E,https://tap.footforwardfund.org/R7C8MT7E
VBGX6YVB,https://tap.footforwardfund.org/VBGX6YVB
30B7ICJD,https://tap.footforwardfund.org/30B7ICJD
UMD1PWMW,https://tap.footforwardfund.org/UMD1PWMW
GRNH4OES,https://tap.footforwardfund.org/GRNH4OES
XF088PNB,https://tap.footforwardfund.org/XF088PNB
09E9HOQV,https://tap.footforwardfund.org/09E9HOQV
Q2UKI6O1,https://tap.footforwardfund.org/Q2UKI6O1
T5IS5173,https://tap.footforwardfund.org/T5IS5173
O4PLZ5T7,https://tap.footforwardfund.org/O4PLZ5T7
2H0K9JWB,https://tap.footforwardfund.org/2H0K9JWB
0T75FNS8,https://tap.footforwardfund.org/0T75FNS8
1P66EMDK,https://tap.footforwardfund.org/1P66EMDK
Y64E8KE9,https://tap.footforwardfund.org/Y64E8KE9
U66K7MQR,https://tap.footforwardfund.org/U66K7MQR
JH2VLR3E,https://tap.footforwardfund.org/JH2VLR3E
CA16416R,https://tap.footforwardfund.org/CA16416R
2W8QQFKU,https://tap.footforwardfund.org/2W8QQFKU
S6YXLWGT,https://tap.footforwardfund.org/S6YXLWGT
COEGHWL3,https://tap.footforwardfund.org/COEGHWL3
06YS7BZO,https://tap.footforwardfund.org/06YS7BZO
QUUVL0K0,https://tap.footforwardfund.org/QUUVL0K0
SNRCNFWW,https://tap.footforwardfund.org/SNRCNFWW
YJ9UEDHL,https://tap.footforwardfund.org/YJ9UEDHL
ODKQPUUW,https://tap.footforwardfund.org/ODKQPUUW
10IIG001,https://tap.footforwardfund.org/10IIG001
DVAINSIP,https://tap.footforwardfund.org/DVAINSIP
KFXTZTPP,https://tap.footforwardfund.org/KFXTZTPP
C9U9H5X0,https://tap.footforwardfund.org/C9U9H5X0
OH747U0R,https://tap.footforwardfund.org/OH747U0R
EUB46R07,https://tap.footforwardfund.org/EUB46R07
U20P6BJO,https://tap.footforwardfund.org/U20P6BJO
YI0J72UB,https://tap.footforwardfund.org/YI0J72UB
4XFDOEFL,https://tap.footforwardfund.org/4XFDOEFL
W07XHD9W,https://tap.footforwardfund.org/W07XHD9W
6E9YX2K7,https://tap.footforwardfund.org/6E9YX2K7
GEZC3RVF,https://tap.footforwardfund.org/GEZC3RVF
M13PPR57,https://tap.footforwardfund.org/M13PPR57
D1YLX3PL,https://tap.footforwardfund.org/D1YLX3PL
0B1SRJUE,https://tap.footforwardfund.org/0B1SRJUE
2C3TQ12F,https://tap.footforwardfund.org/2C3TQ12F
BV8Y2W1U,https://tap.footforwardfund.org/BV8Y2W1U
ZM37AU54,https://tap.footforwardfund.org/ZM37AU54
MUZBP6EK,https://tap.footforwardfund.org/MUZBP6EK
WA0V7QCC,https://tap.footforwardfund.org/WA0V7QCC
HG9DEES7,https://tap.footforwardfund.org/HG9DEES7
EFUVDGBC,https://tap.footforwardfund.org/EFUVDGBC
K3WBW5VX,https://tap.footforwardfund.org/K3WBW5VX
51XQK9RU,https://tap.footforwardfund.org/51XQK9RU
RCP8S1XR,https://tap.footforwardfund.org/RCP8S1XR
GICQ1T8R,https://tap.footforwardfund.org/GICQ1T8R
AS67VHNN,https://tap.footforwardfund.org/AS67VHNN
3FQA3B0G,https://tap.footforwardfund.org/3FQA3B0G
B0SC3GW3,https://tap.footforwardfund.org/B0SC3GW3
0XUBUQ9R,https://tap.footforwardfund.org/0XUBUQ9R
C9BYY6YN,https://tap.footforwardfund.org/C9BYY6YN
Z1V0UD5Y,https://tap.footforwardfund.org/Z1V0UD5Y
F3YMLJZD,https://tap.footforwardfund.org/F3YMLJZD
891F3FXU,https://tap.footforwardfund.org/891F3FXU
3IVU0TOQ,https://tap.footforwardfund.org/3IVU0TOQ
8J9U8LTX,https://tap.footforwardfund.org/8J9U8LTX
WD3C39DH,https://tap.footforwardfund.org/WD3C39DH
